img,ism,fdr
ariana_aspl,0.7226,1
ariana_aspl_bf,0.7478,1
ariana_aspl_bf_gn,0.7388,1
ariana_aspl_gn,0.7216,1
ariana_aspl_gn_bf,0.7478,1
ariana_aspl_ape,0.6582,1
ariana_aspl_ada,0.5047,0.75
ariana_aspl_diffpure,0.0981,0.75
ariana_glaze,0.7538,1
ariana_glaze_bf,0.7667,1
ariana_glaze_bf_gn,0.7273,1
ariana_glaze_gn,0.722,1
ariana_glaze_gn_bf,0.7667,1
ariana_glaze_ape,0.6865,1
ariana_glaze_ada,0.5573,0.75
ariana_glaze_diffpure,0.0846,0.75
ariana_metacloak,0.7018,1
ariana_metacloak_bf,0.6925,1
ariana_metacloak_bf_gn,0.6895,1
ariana_metacloak_gn,0.6878,1
ariana_metacloak_gn_bf,0.6925,1
ariana_metacloak_ape,0.6825,0.5
ariana_metacloak_ada,0.0988,0.5
ariana_metacloak_diffpure,0.2124,0.25
ariana_mist,0.6917,1
ariana_mist_bf,0.6896,1
ariana_mist_bf_gn,0.6677,1
ariana_mist_gn,0.6665,1
ariana_mist_gn_bf,0.6896,1
ariana_mist_ape,0.6858,1
ariana_mist_ada,0.4512,0.75
ariana_mist_diffpure,0.0953,0.5
beyonce_aspl,0.7341,1
beyonce_aspl_bf,0.7612,1
beyonce_aspl_bf_gn,0.7531,1
beyonce_aspl_gn,0.7447,1
beyonce_aspl_gn_bf,0.7612,1
beyonce_aspl_ape,0.6757,1
beyonce_aspl_ada,0.34,0.25
beyonce_aspl_diffpure,0.355,0.5
beyonce_glaze,0.7439,1
beyonce_glaze_bf,0.7558,1
beyonce_glaze_bf_gn,0.7413,1
beyonce_glaze_gn,0.7592,1
beyonce_glaze_gn_bf,0.7558,1
beyonce_glaze_ape,0.69,1
beyonce_glaze_ada,0.3781,0.25
beyonce_glaze_diffpure,0.3473,0.5
beyonce_metacloak,0.6963,1
beyonce_metacloak_bf,0.6939,1
beyonce_metacloak_bf_gn,0.7218,1
beyonce_metacloak_gn,0.6965,1
beyonce_metacloak_gn_bf,0.6939,1
beyonce_metacloak_ape,0.5909,1
beyonce_metacloak_ada,0,0
beyonce_metacloak_diffpure,0.319,0.75
beyonce_mist,0.7175,1
beyonce_mist_bf,0.7408,1
beyonce_mist_bf_gn,0.6828,1
beyonce_mist_gn,0.7166,1
beyonce_mist_gn_bf,0.7408,1
beyonce_mist_ape,0.6603,1
beyonce_mist_ada,0.4564,0.25
beyonce_mist_diffpure,0.3106,0.75
bruce_aspl,0.7294,0.75
bruce_aspl_bf,0.7361,0.75
bruce_aspl_bf_gn,0.6822,0.75
bruce_aspl_gn,0.7224,0.75
bruce_aspl_gn_bf,0.7361,0.75
bruce_aspl_ape,0.6261,0.75
bruce_aspl_ada,0,0
bruce_aspl_diffpure,0.2379,0.75
bruce_glaze,0.7444,0.75
bruce_glaze_bf,0.7326,0.75
bruce_glaze_bf_gn,0.755,0.75
bruce_glaze_gn,0.741,0.75
bruce_glaze_gn_bf,0.7326,0.75
bruce_glaze_ape,0.6104,0.75
bruce_glaze_ada,0,0
bruce_glaze_diffpure,0.23,0.75
bruce_metacloak,0.677,0.75
bruce_metacloak_bf,0.7136,0.75
bruce_metacloak_bf_gn,0.6943,0.75
bruce_metacloak_gn,0.6902,0.75
bruce_metacloak_gn_bf,0.7136,0.75
bruce_metacloak_ape,0.5699,0.5
bruce_metacloak_ada,0,0
bruce_metacloak_diffpure,0.2278,0.75
bruce_mist,0.7186,0.75
bruce_mist_bf,0.7261,0.75
bruce_mist_bf_gn,0.7155,0.75
bruce_mist_gn,0.6914,0.75
bruce_mist_gn_bf,0.7261,0.75
bruce_mist_ape,0.6369,0.75
bruce_mist_ada,0.2376,0.25
bruce_mist_diffpure,0.2042,0.75
cristiano_aspl,0.6447,0.75
cristiano_aspl_bf,0.6663,0.75
cristiano_aspl_bf_gn,0.6335,1
cristiano_aspl_gn,0.6522,1
cristiano_aspl_gn_bf,0.6663,0.75
cristiano_aspl_ape,0.6082,1
cristiano_aspl_ada,0,0
cristiano_aspl_diffpure,0.2215,0.5
cristiano_glaze,0.6612,0.75
cristiano_glaze_bf,0.6724,0.75
cristiano_glaze_bf_gn,0.648,1
cristiano_glaze_gn,0.6534,1
cristiano_glaze_gn_bf,0.6724,0.75
cristiano_glaze_ape,0.5926,1
cristiano_glaze_ada,0,0
cristiano_glaze_diffpure,0.2586,0.5
cristiano_metacloak,0.6481,0.75
cristiano_metacloak_bf,0.6348,0.75
cristiano_metacloak_bf_gn,0.6036,1
cristiano_metacloak_gn,0.6022,0.75
cristiano_metacloak_gn_bf,0.6348,0.75
cristiano_metacloak_ape,0.5284,0.75
cristiano_metacloak_ada,0,0
cristiano_metacloak_diffpure,0.2485,0.5
cristiano_mist,0.6624,1
cristiano_mist_bf,0.659,1
cristiano_mist_bf_gn,0.6158,1
cristiano_mist_gn,0.6203,1
cristiano_mist_gn_bf,0.659,1
cristiano_mist_ape,0.5882,1
cristiano_mist_ada,0,0
cristiano_mist_diffpure,0.2254,0.5
ellen_aspl,0.8072,1
ellen_aspl_bf,0.8191,1
ellen_aspl_bf_gn,0.7772,1
ellen_aspl_gn,0.7839,1
ellen_aspl_gn_bf,0.8191,1
ellen_aspl_ape,0.7337,1
ellen_aspl_ada,0,0
ellen_aspl_diffpure,0.1366,1
ellen_glaze,0.8221,1
ellen_glaze_bf,0.8145,1
ellen_glaze_bf_gn,0.8047,1
ellen_glaze_gn,0.8029,1
ellen_glaze_gn_bf,0.8145,1
ellen_glaze_ape,0.7314,1
ellen_glaze_ada,0,0
ellen_glaze_diffpure,0.1122,1
ellen_metacloak,0.7798,1
ellen_metacloak_bf,0.7906,1
ellen_metacloak_bf_gn,0.7186,1
ellen_metacloak_gn,0.7595,1
ellen_metacloak_gn_bf,0.7906,1
ellen_metacloak_ape,0.5661,1
ellen_metacloak_ada,0,0
ellen_metacloak_diffpure,0.0972,1
ellen_mist,0.7752,1
ellen_mist_bf,0.8047,1
ellen_mist_bf_gn,0.7636,1
ellen_mist_gn,0.7489,1
ellen_mist_gn_bf,0.8047,1
ellen_mist_ape,0.6827,1
ellen_mist_ada,0,0
ellen_mist_diffpure,0.1115,1
emma_aspl,0.7015,1
emma_aspl_bf,0.7187,1
emma_aspl_bf_gn,0.6745,1
emma_aspl_gn,0.6558,1
emma_aspl_gn_bf,0.7187,1
emma_aspl_ape,0.6112,1
emma_aspl_ada,0.3421,0.5
emma_aspl_diffpure,0.2013,1
emma_glaze,0.7523,1
emma_glaze_bf,0.7597,1
emma_glaze_bf_gn,0.6761,1
emma_glaze_gn,0.6857,1
emma_glaze_gn_bf,0.7597,1
emma_glaze_ape,0.6322,1
emma_glaze_ada,0.3982,0.5
emma_glaze_diffpure,0.18,1
emma_metacloak,0.6224,1
emma_metacloak_bf,0.6402,1
emma_metacloak_bf_gn,0.6132,1
emma_metacloak_gn,0.6059,1
emma_metacloak_gn_bf,0.6402,1
emma_metacloak_ape,0.5058,0.5
emma_metacloak_ada,0.4265,0.25
emma_metacloak_diffpure,0.182,1
emma_mist,0.6658,1
emma_mist_bf,0.6648,1
emma_mist_bf_gn,0.6134,1
emma_mist_gn,0.6325,1
emma_mist_gn_bf,0.6648,1
emma_mist_ape,0.555,1
emma_mist_ada,0.2859,0.5
emma_mist_diffpure,0.1694,1
george_aspl,0.6554,0.75
george_aspl_bf,0.6582,0.75
george_aspl_bf_gn,0.636,0.75
george_aspl_gn,0.6432,0.75
george_aspl_gn_bf,0.6582,0.75
george_aspl_ape,0.5754,0.75
george_aspl_ada,0,0
george_aspl_diffpure,0.1392,0.5
george_glaze,0.6681,0.75
george_glaze_bf,0.6804,0.75
george_glaze_bf_gn,0.6631,0.75
george_glaze_gn,0.6434,0.75
george_glaze_gn_bf,0.6804,0.75
george_glaze_ape,0.4898,1
george_glaze_ada,0,0
george_glaze_diffpure,0.1231,0.5
george_metacloak,0.6145,0.75
george_metacloak_bf,0.6593,0.75
george_metacloak_bf_gn,0.6109,0.75
george_metacloak_gn,0.6115,0.75
george_metacloak_gn_bf,0.6593,0.75
george_metacloak_ape,0.4001,0.25
george_metacloak_ada,0,0
george_metacloak_diffpure,0.142,0.5
george_mist,0.626,0.75
george_mist_bf,0.6596,0.75
george_mist_bf_gn,0.608,0.75
george_mist_gn,0.6206,0.75
george_mist_gn_bf,0.6596,0.75
george_mist_ape,0.586,0.75
george_mist_ada,0,0
george_mist_diffpure,0.1308,0.75
jackie_aspl,0.7342,0.75
jackie_aspl_bf,0.7484,0.75
jackie_aspl_bf_gn,0.7205,0.75
jackie_aspl_gn,0.7149,0.75
jackie_aspl_gn_bf,0.7484,0.75
jackie_aspl_ape,0.6879,1
jackie_aspl_ada,0,0
jackie_aspl_diffpure,0.1729,1
jackie_glaze,0.7567,0.75
jackie_glaze_bf,0.7521,0.75
jackie_glaze_bf_gn,0.7338,0.75
jackie_glaze_gn,0.7312,0.75
jackie_glaze_gn_bf,0.7521,0.75
jackie_glaze_ape,0.6924,1
jackie_glaze_ada,0,0
jackie_glaze_diffpure,0.1779,1
jackie_metacloak,0.6816,1
jackie_metacloak_bf,0.7011,1
jackie_metacloak_bf_gn,0.6626,1
jackie_metacloak_gn,0.6358,0.75
jackie_metacloak_gn_bf,0.7011,1
jackie_metacloak_ape,0.4939,0.75
jackie_metacloak_ada,0,0
jackie_metacloak_diffpure,0.1609,1
jackie_mist,0.7022,1
jackie_mist_bf,0.7329,0.75
jackie_mist_bf_gn,0.6624,0.75
jackie_mist_gn,0.6856,0.75
jackie_mist_gn_bf,0.7329,0.75
jackie_mist_ape,0.657,1
jackie_mist_ada,0.06,0.25
jackie_mist_diffpure,0.18,1
james_aspl,0.7761,1
james_aspl_bf,0.7888,1
james_aspl_bf_gn,0.7543,1
james_aspl_gn,0.7706,1
james_aspl_gn_bf,0.7888,1
james_aspl_ape,0.7407,1
james_aspl_ada,0.2689,0.25
james_aspl_diffpure,0.104,1
james_glaze,0.7905,1
james_glaze_bf,0.7956,1
james_glaze_bf_gn,0.7717,1
james_glaze_gn,0.783,1
james_glaze_gn_bf,0.7956,1
james_glaze_ape,0.7663,1
james_glaze_ada,0.2832,0.25
james_glaze_diffpure,0.1208,1
james_metacloak,0.781,0.75
james_metacloak_bf,0.7781,1
james_metacloak_bf_gn,0.7389,1
james_metacloak_gn,0.7497,1
james_metacloak_gn_bf,0.7781,1
james_metacloak_ape,0.7231,0.75
james_metacloak_ada,0.0496,0.25
james_metacloak_diffpure,0.0906,1
james_mist,0.795,1
james_mist_bf,0.7637,1
james_mist_bf_gn,0.7373,1
james_mist_gn,0.7634,1
james_mist_gn_bf,0.7637,1
james_mist_ape,0.7099,1
james_mist_ada,0.315,0.25
james_mist_diffpure,0.1035,1
johnny_aspl,0.6994,1
johnny_aspl_bf,0.7189,1
johnny_aspl_bf_gn,0.703,1
johnny_aspl_gn,0.7083,1
johnny_aspl_gn_bf,0.7189,1
johnny_aspl_ape,0.6503,1
johnny_aspl_ada,0.0914,0.25
johnny_aspl_diffpure,0.1714,1
johnny_glaze,0.7115,1
johnny_glaze_bf,0.7081,1
johnny_glaze_bf_gn,0.6752,1
johnny_glaze_gn,0.682,1
johnny_glaze_gn_bf,0.7081,1
johnny_glaze_ape,0.6605,1
johnny_glaze_ada,0.0791,0.5
johnny_glaze_diffpure,0.1573,1
johnny_metacloak,0.6535,1
johnny_metacloak_bf,0.6632,1
johnny_metacloak_bf_gn,0.6642,1
johnny_metacloak_gn,0.6528,1
johnny_metacloak_gn_bf,0.6632,1
johnny_metacloak_ape,0.5662,1
johnny_metacloak_ada,0.0778,0.25
johnny_metacloak_diffpure,0.1517,1
johnny_mist,0.6456,1
johnny_mist_bf,0.6841,1
johnny_mist_bf_gn,0.6574,1
johnny_mist_gn,0.6512,1
johnny_mist_gn_bf,0.6841,1
johnny_mist_ape,0.6194,1
johnny_mist_ada,0.0733,0.5
johnny_mist_diffpure,0.1681,1
justin_aspl,0.6723,1
justin_aspl_bf,0.6898,1
justin_aspl_bf_gn,0.6033,1
justin_aspl_gn,0.6273,1
justin_aspl_gn_bf,0.6898,1
justin_aspl_ape,0.5261,0.75
justin_aspl_ada,0,0
justin_aspl_diffpure,0.2103,0.75
justin_glaze,0.691,1
justin_glaze_bf,0.6814,1
justin_glaze_bf_gn,0.6146,1
justin_glaze_gn,0.6145,1
justin_glaze_gn_bf,0.6814,1
justin_glaze_ape,0.508,1
justin_glaze_ada,0,0
justin_glaze_diffpure,0.2116,0.75
justin_metacloak,0.6864,0.75
justin_metacloak_bf,0.6832,0.75
justin_metacloak_bf_gn,0.6493,0.75
justin_metacloak_gn,0.6047,0.75
justin_metacloak_gn_bf,0.6832,0.75
justin_metacloak_ape,0.4419,0.75
justin_metacloak_ada,0,0
justin_metacloak_diffpure,0.203,0.75
justin_mist,0.6813,0.75
justin_mist_bf,0.6346,1
justin_mist_bf_gn,0.6426,0.75
justin_mist_gn,0.6501,0.75
justin_mist_gn_bf,0.6346,1
justin_mist_ape,0.5627,0.75
justin_mist_ada,0,0
justin_mist_diffpure,0.2006,0.75
kate_aspl,0.7528,0.75
kate_aspl_bf,0.742,0.75
kate_aspl_bf_gn,0.7004,0.75
kate_aspl_gn,0.6518,0.75
kate_aspl_gn_bf,0.742,0.75
kate_aspl_ape,0.6232,0.75
kate_aspl_ada,0,0
kate_aspl_diffpure,0.1103,0.5
kate_glaze,0.7461,0.75
kate_glaze_bf,0.7154,0.75
kate_glaze_bf_gn,0.7118,0.75
kate_glaze_gn,0.7006,0.75
kate_glaze_gn_bf,0.7154,0.75
kate_glaze_ape,0.6177,0.75
kate_glaze_ada,0,0
kate_glaze_diffpure,0.1302,0.5
kate_metacloak,0.6922,0.75
kate_metacloak_bf,0.7122,0.75
kate_metacloak_bf_gn,0.7217,0.75
kate_metacloak_gn,0.6973,0.75
kate_metacloak_gn_bf,0.7122,0.75
kate_metacloak_ape,0.5723,0.5
kate_metacloak_ada,0,0
kate_metacloak_diffpure,0.0836,0.5
kate_mist,0.7357,0.75
kate_mist_bf,0.7262,0.75
kate_mist_bf_gn,0.6704,0.75
kate_mist_gn,0.6848,0.75
kate_mist_gn_bf,0.7262,0.75
kate_mist_ape,0.6153,0.75
kate_mist_ada,0,0
kate_mist_diffpure,0.1182,0.5
leonardo_aspl,0.8662,1
leonardo_aspl_bf,0.8622,1
leonardo_aspl_bf_gn,0.8338,1
leonardo_aspl_gn,0.8376,1
leonardo_aspl_gn_bf,0.8622,1
leonardo_aspl_ape,0.7873,1
leonardo_aspl_ada,0.6845,0.25
leonardo_aspl_diffpure,0.0485,0.25
leonardo_glaze,0.8616,1
leonardo_glaze_bf,0.8731,1
leonardo_glaze_bf_gn,0.8274,1
leonardo_glaze_gn,0.8356,1
leonardo_glaze_gn_bf,0.8731,1
leonardo_glaze_ape,0.7852,1
leonardo_glaze_ada,0.6868,0.25
leonardo_glaze_diffpure,0.0524,0.25
leonardo_metacloak,0.7988,1
leonardo_metacloak_bf,0.8116,1
leonardo_metacloak_bf_gn,0.7584,1
leonardo_metacloak_gn,0.7801,1
leonardo_metacloak_gn_bf,0.8116,1
leonardo_metacloak_ape,0.6729,1
leonardo_metacloak_ada,0.6976,0.25
leonardo_metacloak_diffpure,0.0959,0.25
leonardo_mist,0.7859,1
leonardo_mist_bf,0.7955,1
leonardo_mist_bf_gn,0.7512,1
leonardo_mist_gn,0.7747,1
leonardo_mist_gn_bf,0.7955,1
leonardo_mist_ape,0.7092,1
leonardo_mist_ada,0.3758,0.5
leonardo_mist_diffpure,0.0395,0.25
lucy_aspl,0.7631,1
lucy_aspl_bf,0.7653,1
lucy_aspl_bf_gn,0.7305,1
lucy_aspl_gn,0.7375,1
lucy_aspl_gn_bf,0.7653,1
lucy_aspl_ape,0.6056,1
lucy_aspl_ada,0,0
lucy_aspl_diffpure,0.0854,1
lucy_glaze,0.7601,1
lucy_glaze_bf,0.7631,1
lucy_glaze_bf_gn,0.7445,1
lucy_glaze_gn,0.7147,1
lucy_glaze_gn_bf,0.7631,1
lucy_glaze_ape,0.6112,1
lucy_glaze_ada,0,0
lucy_glaze_diffpure,0.0861,1
lucy_metacloak,0.7157,1
lucy_metacloak_bf,0.733,1
lucy_metacloak_bf_gn,0.7331,1
lucy_metacloak_gn,0.7125,1
lucy_metacloak_gn_bf,0.733,1
lucy_metacloak_ape,0.5734,1
lucy_metacloak_ada,0,0
lucy_metacloak_diffpure,0.0942,1
lucy_mist,0.7352,1
lucy_mist_bf,0.7259,1
lucy_mist_bf_gn,0.7234,1
lucy_mist_gn,0.7202,1
lucy_mist_gn_bf,0.7259,1
lucy_mist_ape,0.6416,1
lucy_mist_ada,0,0
lucy_mist_diffpure,0.0805,1
morgan_aspl,0.7429,1
morgan_aspl_bf,0.7379,1
morgan_aspl_bf_gn,0.7475,1
morgan_aspl_gn,0.7822,1
morgan_aspl_gn_bf,0.7379,1
morgan_aspl_ape,0.6486,1
morgan_aspl_ada,0,0
morgan_aspl_diffpure,0.1382,0.5
morgan_glaze,0.7475,1
morgan_glaze_bf,0.7419,1
morgan_glaze_bf_gn,0.7538,1
morgan_glaze_gn,0.7353,1
morgan_glaze_gn_bf,0.7419,1
morgan_glaze_ape,0.6788,1
morgan_glaze_ada,0,0
morgan_glaze_diffpure,0.1384,0.5
morgan_metacloak,0.7469,1
morgan_metacloak_bf,0.759,1
morgan_metacloak_bf_gn,0.6943,1
morgan_metacloak_gn,0.685,1
morgan_metacloak_gn_bf,0.759,1
morgan_metacloak_ape,0.475,0.5
morgan_metacloak_ada,0,0
morgan_metacloak_diffpure,0.1408,0.5
morgan_mist,0.7544,1
morgan_mist_bf,0.7539,1
morgan_mist_bf_gn,0.6891,1
morgan_mist_gn,0.733,1
morgan_mist_gn_bf,0.7539,1
morgan_mist_ape,0.6297,1
morgan_mist_ada,0,0
morgan_mist_diffpure,0.1348,0.5
oprah_aspl,0.7201,1
oprah_aspl_bf,0.7403,1
oprah_aspl_bf_gn,0.6915,1
oprah_aspl_gn,0.6969,1
oprah_aspl_gn_bf,0.7403,1
oprah_aspl_ape,0.5756,1
oprah_aspl_ada,0.0715,0.5
oprah_aspl_diffpure,0.146,1
oprah_glaze,0.7404,1
oprah_glaze_bf,0.7461,1
oprah_glaze_bf_gn,0.7069,1
oprah_glaze_gn,0.7093,1
oprah_glaze_gn_bf,0.7461,1
oprah_glaze_ape,0.5928,1
oprah_glaze_ada,0.1588,0.25
oprah_glaze_diffpure,0.1377,1
oprah_metacloak,0.6291,1
oprah_metacloak_bf,0.6724,1
oprah_metacloak_bf_gn,0.5777,1
oprah_metacloak_gn,0.6181,1
oprah_metacloak_gn_bf,0.6724,1
oprah_metacloak_ape,0.3505,1
oprah_metacloak_ada,0.0512,0.25
oprah_metacloak_diffpure,0.1349,1
oprah_mist,0.7085,1
oprah_mist_bf,0.7283,1
oprah_mist_bf_gn,0.6375,1
oprah_mist_gn,0.6208,1
oprah_mist_gn_bf,0.7283,1
oprah_mist_ape,0.4899,1
oprah_mist_ada,0.0653,0.5
oprah_mist_diffpure,0.1491,0.75
rihanna_aspl,0.9235,0.5
rihanna_aspl_bf,0.9206,0.5
rihanna_aspl_bf_gn,0.8144,0.75
rihanna_aspl_gn,0.7426,0.75
rihanna_aspl_gn_bf,0.9206,0.5
rihanna_aspl_ape,0.7672,0.75
rihanna_aspl_ada,0.0774,0.25
rihanna_aspl_diffpure,0.0057,0.75
rihanna_glaze,0.9233,0.5
rihanna_glaze_bf,0.8919,0.5
rihanna_glaze_bf_gn,0.8191,0.75
rihanna_glaze_gn,0.8279,0.75
rihanna_glaze_gn_bf,0.8919,0.5
rihanna_glaze_ape,0.7392,0.5
rihanna_glaze_ada,0,0
rihanna_glaze_diffpure,-0.0097,0.75
rihanna_metacloak,0.8623,0.5
rihanna_metacloak_bf,0.9048,0.5
rihanna_metacloak_bf_gn,0.855,0.5
rihanna_metacloak_gn,0.8416,0.5
rihanna_metacloak_gn_bf,0.9048,0.5
rihanna_metacloak_ape,0.4433,0.5
rihanna_metacloak_ada,0,0
rihanna_metacloak_diffpure,0.0049,0.75
rihanna_mist,0.797,0.75
rihanna_mist_bf,0.8429,0.75
rihanna_mist_bf_gn,0.7725,0.75
rihanna_mist_gn,0.8003,0.75
rihanna_mist_gn_bf,0.8429,0.75
rihanna_mist_ape,0.4585,0.75
rihanna_mist_ada,0.3996,0.25
rihanna_mist_diffpure,0.0138,0.75
shah_aspl,0.6761,1
shah_aspl_bf,0.6936,1
shah_aspl_bf_gn,0.6608,1
shah_aspl_gn,0.6634,1
shah_aspl_gn_bf,0.6936,1
shah_aspl_ape,0.5674,1
shah_aspl_ada,0,0
shah_aspl_diffpure,0.1287,0.75
shah_glaze,0.6918,1
shah_glaze_bf,0.6918,1
shah_glaze_bf_gn,0.6631,1
shah_glaze_gn,0.6723,1
shah_glaze_gn_bf,0.6918,1
shah_glaze_ape,0.6042,1
shah_glaze_ada,0,0
shah_glaze_diffpure,0.1189,0.75
shah_metacloak,0.6798,1
shah_metacloak_bf,0.672,1
shah_metacloak_bf_gn,0.6663,1
shah_metacloak_gn,0.6456,1
shah_metacloak_gn_bf,0.672,1
shah_metacloak_ape,0.5089,1
shah_metacloak_ada,0,0
shah_metacloak_diffpure,0.1089,0.75
shah_mist,0.6587,1
shah_mist_bf,0.6448,1
shah_mist_bf_gn,0.6394,1
shah_mist_gn,0.6292,1
shah_mist_gn_bf,0.6448,1
shah_mist_ape,0.553,1
shah_mist_ada,0.3397,0.25
shah_mist_diffpure,0.1092,0.75
shirley_aspl,0.8598,0.75
shirley_aspl_bf,0.8713,0.75
shirley_aspl_bf_gn,0.8279,0.75
shirley_aspl_gn,0.7995,0.75
shirley_aspl_gn_bf,0.8713,0.75
shirley_aspl_ape,0.6832,0.75
shirley_aspl_ada,0,0
shirley_aspl_diffpure,0.1493,0.75
shirley_glaze,0.8628,0.75
shirley_glaze_bf,0.8665,0.75
shirley_glaze_bf_gn,0.7943,1
shirley_glaze_gn,0.8433,0.75
shirley_glaze_gn_bf,0.8665,0.75
shirley_glaze_ape,0.7109,0.75
shirley_glaze_ada,0,0
shirley_glaze_diffpure,0.1422,0.75
shirley_metacloak,0.8101,0.75
shirley_metacloak_bf,0.8102,0.75
shirley_metacloak_bf_gn,0.7471,1
shirley_metacloak_gn,0.7166,1
shirley_metacloak_gn_bf,0.8102,0.75
shirley_metacloak_ape,0.5396,0.75
shirley_metacloak_ada,0,0
shirley_metacloak_diffpure,0.1379,0.75
shirley_mist,0.8212,0.75
shirley_mist_bf,0.8267,0.75
shirley_mist_bf_gn,0.7673,0.75
shirley_mist_gn,0.7729,0.75
shirley_mist_gn_bf,0.8267,0.75
shirley_mist_ape,0.6014,0.75
shirley_mist_ada,0,0
shirley_mist_diffpure,0.1635,0.75
taylor_aspl,0.5725,1
taylor_aspl_bf,0.5771,1
taylor_aspl_bf_gn,0.5661,1
taylor_aspl_gn,0.5354,1
taylor_aspl_gn_bf,0.5771,1
taylor_aspl_ape,0.4352,1
taylor_aspl_ada,0,0
taylor_aspl_diffpure,0.0262,0.75
taylor_glaze,0.5982,1
taylor_glaze_bf,0.6125,1
taylor_glaze_bf_gn,0.5671,1
taylor_glaze_gn,0.5715,1
taylor_glaze_gn_bf,0.6125,1
taylor_glaze_ape,0.5125,1
taylor_glaze_ada,0,0
taylor_glaze_diffpure,0.0223,0.75
taylor_metacloak,0.4925,1
taylor_metacloak_bf,0.5095,1
taylor_metacloak_bf_gn,0.4502,1
taylor_metacloak_gn,0.4239,1
taylor_metacloak_gn_bf,0.5095,1
taylor_metacloak_ape,0.4087,1
taylor_metacloak_ada,0,0
taylor_metacloak_diffpure,0.0457,0.75
taylor_mist,0.5074,1
taylor_mist_bf,0.499,1
taylor_mist_bf_gn,0.4732,1
taylor_mist_gn,0.4671,1
taylor_mist_gn_bf,0.499,1
taylor_mist_ape,0.3119,1
taylor_mist_ada,0,0
taylor_mist_diffpure,0.0513,0.75
ariana,0.7808,1
beyonce,0.7626,1
bruce,0.7373,0.75
cristiano,0.6559,0.75
ellen,0.8215,1
emma,0.7497,1
george,0.6626,0.75
jackie,0.77,0.75
james,0.793,1
johnny,0.7331,1
justin,0.6774,1
kate,0.7217,0.75
leonardo,0.8776,1
lucy,0.767,1
morgan,0.752,1
oprah,0.749,1
rihanna,0.9228,0.5
shah,0.6869,1
shirley,0.8682,0.75
taylor,0.6062,1
ariana_aspl_adavoc,0.6907,1.0000
ariana_glaze_adavoc,0.6953,1.0000
ariana_metacloak_adavoc,0.6070,1.0000
ariana_mist_adavoc,0.6731,1.0000
beyonce_aspl_adavoc,0.6324,1.0000
beyonce_glaze_adavoc,0.6421,1.0000
beyonce_metacloak_adavoc,0.5669,1.0000
beyonce_mist_adavoc,0.6141,1.0000
bruce_aspl_adavoc,0.4673,0.7500
bruce_glaze_adavoc,0.4251,1.0000
bruce_metacloak_adavoc,0.3839,0.5000
bruce_mist_adavoc,0.3966,0.7500
cristiano_aspl_adavoc,0.5062,1.0000
cristiano_glaze_adavoc,0.4826,1.0000
cristiano_metacloak_adavoc,0.4172,0.7500
cristiano_mist_adavoc,0.4482,1.0000
ellen_aspl_adavoc,0.6738,1.0000
ellen_glaze_adavoc,0.6852,1.0000
ellen_metacloak_adavoc,0.6223,1.0000
ellen_mist_adavoc,0.6644,1.0000
emma_aspl_adavoc,0.5465,1.0000
emma_glaze_adavoc,0.5422,1.0000
emma_metacloak_adavoc,0.5199,0.7500
emma_mist_adavoc,0.6241,0.7500
george_aspl_adavoc,0.5236,0.7500
george_glaze_adavoc,0.5371,0.7500
george_metacloak_adavoc,0.4629,0.7500
george_mist_adavoc,0.4902,0.7500
jackie_aspl_adavoc,0.4440,1.0000
jackie_glaze_adavoc,0.4647,1.0000
jackie_metacloak_adavoc,0.2734,1.0000
jackie_mist_adavoc,0.4110,1.0000
james_aspl_adavoc,0.7342,0.7500
james_glaze_adavoc,0.7280,0.7500
james_metacloak_adavoc,0.6741,0.7500
james_mist_adavoc,0.7124,0.7500
johnny_aspl_adavoc,0.5438,1.0000
johnny_glaze_adavoc,0.5247,1.0000
johnny_metacloak_adavoc,0.4453,1.0000
johnny_mist_adavoc,0.4560,1.0000
justin_aspl_adavoc,0.4303,1.0000
justin_glaze_adavoc,0.4361,1.0000
justin_metacloak_adavoc,0.5029,0.7500
justin_mist_adavoc,0.5020,0.7500
kate_aspl_adavoc,0.5442,0.7500
kate_glaze_adavoc,0.5433,0.7500
kate_metacloak_adavoc,0.5094,0.7500
kate_mist_adavoc,0.5086,0.7500
leonardo_aspl_adavoc,0.7166,1.0000
leonardo_glaze_adavoc,0.7056,1.0000
leonardo_metacloak_adavoc,0.5811,1.0000
leonardo_mist_adavoc,0.6580,1.0000
lucy_aspl_adavoc,0.6585,1.0000
lucy_glaze_adavoc,0.6489,1.0000
lucy_metacloak_adavoc,0.6071,1.0000
lucy_mist_adavoc,0.6269,1.0000
morgan_aspl_adavoc,0.4197,1.0000
morgan_glaze_adavoc,0.4228,1.0000
morgan_metacloak_adavoc,0.5344,0.5000
morgan_mist_adavoc,0.4347,0.7500
oprah_aspl_adavoc,0.4920,1.0000
oprah_glaze_adavoc,0.4952,1.0000
oprah_metacloak_adavoc,0.4908,0.7500
oprah_mist_adavoc,0.4110,1.0000
rihanna_aspl_adavoc,0.7068,0.7500
rihanna_glaze_adavoc,0.7045,0.7500
rihanna_metacloak_adavoc,0.8600,0.5000
rihanna_mist_adavoc,0.6059,0.7500
shah_aspl_adavoc,0.5802,1.0000
shah_glaze_adavoc,0.5515,1.0000
shah_metacloak_adavoc,0.4049,1.0000
shah_mist_adavoc,0.5659,1.0000
shirley_aspl_adavoc,0.6819,0.7500
shirley_glaze_adavoc,0.7220,0.7500
shirley_metacloak_adavoc,0.5978,0.7500
shirley_mist_adavoc,0.6114,0.7500
taylor_aspl_adavoc,0.4414,1.0000
taylor_glaze_adavoc,0.4391,1.0000
taylor_metacloak_adavoc,0.3795,1.0000
taylor_mist_adavoc,0.3310,1.0000
ariana_aspl_pdmpure,0.6430,1.0000
ariana_glaze_pdmpure,0.6398,1.0000
ariana_metacloak_pdmpure,0.6305,1.0000
ariana_mist_pdmpure,0.6433,1.0000
beyonce_aspl_pdmpure,0.6244,1.0000
beyonce_glaze_pdmpure,0.6120,1.0000
beyonce_metacloak_pdmpure,0.6257,1.0000
beyonce_mist_pdmpure,0.5962,1.0000
bruce_aspl_pdmpure,0.6263,0.7500
bruce_glaze_pdmpure,0.6235,0.7500
bruce_metacloak_pdmpure,0.6076,0.7500
bruce_mist_pdmpure,0.6235,0.7500
cristiano_aspl_pdmpure,0.5554,0.7500
cristiano_glaze_pdmpure,0.5566,0.7500
cristiano_metacloak_pdmpure,0.5561,0.7500
cristiano_mist_pdmpure,0.5603,0.7500
ellen_aspl_pdmpure,0.7028,1.0000
ellen_glaze_pdmpure,0.7017,1.0000
ellen_metacloak_pdmpure,0.6993,1.0000
ellen_mist_pdmpure,0.6965,1.0000
emma_aspl_pdmpure,0.6717,1.0000
emma_glaze_pdmpure,0.6664,1.0000
emma_metacloak_pdmpure,0.6521,1.0000
emma_mist_pdmpure,0.6551,1.0000
george_aspl_pdmpure,0.4952,0.7500
george_glaze_pdmpure,0.5110,0.7500
george_metacloak_pdmpure,0.5273,0.7500
george_mist_pdmpure,0.5014,0.7500
jackie_aspl_pdmpure,0.5977,0.7500
jackie_glaze_pdmpure,0.5941,0.7500
jackie_metacloak_pdmpure,0.5723,0.7500
jackie_mist_pdmpure,0.5593,0.7500
james_aspl_pdmpure,0.6607,1.0000
james_glaze_pdmpure,0.6529,1.0000
james_metacloak_pdmpure,0.6525,1.0000
james_mist_pdmpure,0.6309,1.0000
johnny_aspl_pdmpure,0.5951,1.0000
johnny_glaze_pdmpure,0.5870,1.0000
johnny_metacloak_pdmpure,0.5996,1.0000
johnny_mist_pdmpure,0.5755,1.0000
justin_aspl_pdmpure,0.5263,1.0000
justin_glaze_pdmpure,0.5339,1.0000
justin_metacloak_pdmpure,0.4796,1.0000
justin_mist_pdmpure,0.5050,1.0000
kate_aspl_pdmpure,0.5737,0.7500
kate_glaze_pdmpure,0.5762,0.7500
kate_metacloak_pdmpure,0.5648,0.7500
kate_mist_pdmpure,0.5693,0.7500
leonardo_aspl_pdmpure,0.6534,1.0000
leonardo_glaze_pdmpure,0.6521,1.0000
leonardo_metacloak_pdmpure,0.6621,1.0000
leonardo_mist_pdmpure,0.6369,1.0000
lucy_aspl_pdmpure,0.6679,1.0000
lucy_glaze_pdmpure,0.6713,1.0000
lucy_metacloak_pdmpure,0.6641,1.0000
lucy_mist_pdmpure,0.6383,1.0000
morgan_aspl_pdmpure,0.6804,1.0000
morgan_glaze_pdmpure,0.6955,1.0000
morgan_metacloak_pdmpure,0.7093,1.0000
morgan_mist_pdmpure,0.6643,1.0000
oprah_aspl_pdmpure,0.6273,1.0000
oprah_glaze_pdmpure,0.6205,1.0000
oprah_metacloak_pdmpure,0.6124,1.0000
oprah_mist_pdmpure,0.6190,1.0000
rihanna_aspl_pdmpure,0.8136,0.5000
rihanna_glaze_pdmpure,0.8240,0.5000
rihanna_metacloak_pdmpure,0.8343,0.5000
rihanna_mist_pdmpure,0.8098,0.5000
shah_aspl_pdmpure,0.4932,1.0000
shah_glaze_pdmpure,0.4857,1.0000
shah_metacloak_pdmpure,0.5037,1.0000
shah_mist_pdmpure,0.4525,1.0000
shirley_aspl_pdmpure,0.6575,0.7500
shirley_glaze_pdmpure,0.6491,0.7500
shirley_metacloak_pdmpure,0.6561,0.7500
shirley_mist_pdmpure,0.6378,0.7500
taylor_aspl_pdmpure,0.3954,1.0000
taylor_glaze_pdmpure,0.3932,1.0000
taylor_metacloak_pdmpure,0.3676,1.0000
taylor_mist_pdmpure,0.3310,1.0000
